timestamp,pose_id,q0,qx,qy,qz,tx,ty,tz,error,x,y,z,u,v,w
1773040744.8991506,1,0.6395483016967773,-0.25346240401268005,-0.6315940022468567,-0.3575245440006256,-56.807029724121094,-187.5252685546875,-1572.0001220703125,0.13365502655506134,581.1221,-101.30444,306.18115,89.38344,-174.5022,80.50932
1773040744.9122045,1,0.6395282745361328,-0.25335049629211426,-0.631588876247406,-0.3576488196849823,-56.80601119995117,-187.52203369140625,-1571.9981689453125,0.13325980305671692,581.1221,-101.30444,306.18115,89.38344,-174.5022,80.50932
1773040744.9246917,1,0.639555811882019,-0.2533053159713745,-0.6315711736679077,-0.3576626479625702,-56.803565979003906,-187.5233154296875,-1572.0042724609375,0.13532233238220215,581.122,-101.304535,306.18103,89.38342,-174.5022,80.50933
1773040744.9543438,1,0.6393063068389893,-0.2533565163612366,-0.6318497657775879,-0.35758042335510254,-56.8037109375,-187.51751708984375,-1571.96533203125,0.1314968317747116,581.122,-101.3044,306.181,89.38342,-174.50217,80.50935
1773040744.96618,1,0.6395440697669983,-0.2534036338329315,-0.631603479385376,-0.3575570583343506,-56.80665969848633,-187.51797485351562,-1571.987548828125,0.13566336035728455,581.1221,-101.30443,306.1811,89.383446,-174.50214,80.50935
1773040744.9825947,1,0.639309823513031,-0.25317102670669556,-0.6318343877792358,-0.35773271322250366,-56.798892974853516,-187.5184326171875,-1571.9635009765625,0.13240541517734528,581.1221,-101.30442,306.18097,89.38344,-174.50214,80.50935
1773040744.99473,1,0.6396864652633667,-0.2533489465713501,-0.6314448714256287,-0.3576212227344513,-56.80419158935547,-187.51544189453125,-1571.981689453125,0.13437636196613312,581.1221,-101.304405,306.18094,89.38342,-174.50212,80.50936
1773040745.006777,1,0.6395914554595947,-0.2531081736087799,-0.6314736604690552,-0.357910692691803,-56.81134796142578,-187.51626586914062,-1571.988037109375,0.13102541863918304,581.1221,-101.304405,306.18094,89.38342,-174.50212,80.50936
1773040745.0225499,1,0.6394512057304382,-0.2531800866127014,-0.631655752658844,-0.357789009809494,-56.80569076538086,-187.51263427734375,-1571.97412109375,0.1335974931716919,581.12213,-101.304436,306.18112,89.383446,-174.5021,80.50936
1773040745.0397022,1,0.6394361257553101,-0.2533392310142517,-0.6316974759101868,-0.35762953758239746,-56.803977966308594,-187.51329040527344,-1571.9293212890625,0.1337963342666626,581.1221,-101.3044,306.18097,89.38344,-174.50209,80.50936
1773040750.0837746,2,0.6161335110664368,-0.23441973328590393,-0.6489390134811401,-0.3798750638961792,-103.91645812988281,-191.06146240234375,-1569.9644775390625,0.12014825642108917,585.1786,-104.22728,350.68176,93.73149,-174.39941,78.609955
1773040750.0972126,2,0.6161789298057556,-0.23463737964630127,-0.6489611864089966,-0.3796289265155792,-103.91120910644531,-191.05821228027344,-1569.94580078125,0.13792909681797028,585.17865,-104.22731,350.68195,93.731514,-174.39938,78.609955
1773040750.10974,2,0.616152822971344,-0.23466601967811584,-0.6489734649658203,-0.3796326816082001,-103.90992736816406,-191.05584716796875,-1569.9190673828125,0.13244174420833588,585.1786,-104.2273,350.6818,93.7315,-174.39937,78.60994
1773040750.1223981,2,0.6162513494491577,-0.23429280519485474,-0.6487935781478882,-0.3800106346607208,-103.90830993652344,-191.05364990234375,-1569.972900390625,0.12366598099470139,585.17865,-104.22733,350.68185,93.73151,-174.3993,78.60994
1773040750.1369646,2,0.6161739826202393,-0.23431529104709625,-0.6488758325576782,-0.3799818456172943,-103.91065216064453,-191.0512237548828,-1569.957275390625,0.11639435589313507,585.1787,-104.227234,350.6819,93.731514,-174.3993,78.60994
1773040750.1467443,2,0.6162222623825073,-0.23442897200584412,-0.6488357186317444,-0.3799017667770386,-103.91397857666016,-191.04922485351562,-1569.9676513671875,0.12239242345094681,585.1788,-104.227264,350.682,93.73153,-174.39925,78.60994
1773040750.1571538,2,0.6163256764411926,-0.2343151718378067,-0.6486965417861938,-0.38004183769226074,-103.91063690185547,-191.0493621826172,-1569.9674072265625,0.11795227229595184,585.17883,-104.22729,350.68204,93.73153,-174.39925,78.60993
1773040750.1669888,2,0.6162589192390442,-0.23442868888378143,-0.6488121151924133,-0.3798827826976776,-103.90504455566406,-191.04612731933594,-1569.954345703125,0.12039417773485184,585.17883,-104.22732,350.6822,93.731544,-174.39922,78.609924
1773040750.1771889,2,0.6163008809089661,-0.23453950881958008,-0.6487988829612732,-0.37976905703544617,-103.90296936035156,-191.0463409423828,-1569.9764404296875,0.12454129010438919,585.1789,-104.2272,350.6821,93.731544,-174.39922,78.60994
1773040750.1889532,2,0.6162816882133484,-0.2346542626619339,-0.6488245129585266,-0.3796854317188263,-103.90754699707031,-191.05067443847656,-1569.955078125,0.13231514394283295,585.1789,-104.22734,350.6821,93.731544,-174.39922,78.60992
1773040756.9093394,3,0.6813303828239441,-0.2141541689634323,-0.5850517153739929,-0.3842412233352661,-180.0547332763672,-198.13143920898438,-1589.95263671875,0.12271391600370407,577.7685,-110.158455,430.78412,85.12374,-174.55965,73.39935
1773040756.9201744,3,0.6810942888259888,-0.21391333639621735,-0.5852922201156616,-0.3844277262687683,-180.0532684326172,-198.12867736816406,-1589.934814453125,0.11643975973129272,577.7687,-110.15841,430.7845,85.12383,-174.55963,73.39936
1773040756.9320958,3,0.6810933351516724,-0.21396031975746155,-0.5852917432785034,-0.3844040036201477,-180.0561981201172,-198.1246337890625,-1589.9237060546875,0.11492104083299637,577.7688,-110.15831,430.7849,85.12395,-174.55962,73.399376
1773040756.9447975,3,0.6811484694480896,-0.21399396657943726,-0.5852378010749817,-0.3843696117401123,-180.0575714111328,-198.1219940185547,-1589.929931640625,0.11564797908067703,577.76886,-110.15832,430.78503,85.12403,-174.55962,73.399376
1773040756.9572227,3,0.6811376214027405,-0.21398690342903137,-0.5852524042129517,-0.3843706250190735,-180.06051635742188,-198.1111602783203,-1589.917236328125,0.11546801030635834,577.7691,-110.15816,430.7856,85.124176,-174.55963,73.39938
1773040756.9715683,3,0.6810871362686157,-0.21405749022960663,-0.5853521823883057,-0.3842689096927643,-180.06256103515625,-198.11105346679688,-1589.9368896484375,0.11423152685165405,577.7693,-110.15797,430.7857,85.12427,-174.55963,73.399414
1773040756.9843307,3,0.6810782551765442,-0.21402466297149658,-0.5853508710861206,-0.38430485129356384,-180.05856323242188,-198.10418701171875,-1589.924072265625,0.11327742785215378,577.7695,-110.15789,430.78607,85.12439,-174.55963,73.39942
1773040756.9971209,3,0.6811535954475403,-0.21426348388195038,-0.5853188037872314,-0.384086936712265,-180.06028747558594,-198.10256958007812,-1589.91162109375,0.11869394779205322,577.7696,-110.15782,430.7864,85.1245,-174.55963,73.39943
1773040757.007669,3,0.6810118556022644,-0.21399667859077454,-0.5854156017303467,-0.38433951139450073,-180.05809020996094,-198.10427856445312,-1589.9207763671875,0.11771757900714874,577.76984,-110.15763,430.78668,85.12462,-174.55965,73.39945
1773040757.022018,3,0.6812040209770203,-0.2140345722436905,-0.5851966738700867,-0.38431134819984436,-180.05625915527344,-198.10633850097656,-1589.9356689453125,0.118167445063591,577.76996,-110.15755,430.7873,85.124756,-174.55963,73.39946
1773040771.5204248,4,0.746985673904419,0.1578967571258545,-0.640521764755249,-0.08254042267799377,-160.42742919921875,-160.00692749023438,-1579.52294921875,0.16382649540901184,585.02124,-106.186104,428.48456,70.23139,132.04863,54.5215
1773040771.533023,4,0.7470429539680481,0.1578119397163391,-0.6404860615730286,-0.08246130496263504,-160.43389892578125,-160.0045623779297,-1579.5169677734375,0.17194244265556335,585.0213,-106.18612,428.48456,70.23136,132.04861,54.521465
1773040771.5458827,4,0.7470085024833679,0.15773719549179077,-0.6405588388442993,-0.08235074579715729,-160.43576049804688,-160.00704956054688,-1579.5233154296875,0.17719322443008423,585.02124,-106.186104,428.48453,70.23137,132.04863,54.521477
1773040771.5574934,4,0.7470430135726929,0.15769191086292267,-0.6405340433120728,-0.08231697231531143,-160.43447875976562,-160.01344299316406,-1579.5211181640625,0.16069559752941132,585.0213,-106.18612,428.48462,70.23141,132.04863,54.521515
1773040771.57077,4,0.7470974922180176,0.15767398476600647,-0.6404821872711182,-0.08226042240858078,-160.43533325195312,-160.01268005371094,-1579.5343017578125,0.17243210971355438,585.02136,-106.18615,428.48486,70.23144,132.04861,54.521526
1773040771.5827346,4,0.7472901940345764,0.15755483508110046,-0.6402963399887085,-0.08218514919281006,-160.43722534179688,-160.0165557861328,-1579.5574951171875,0.1695154458284378,585.02136,-106.18602,428.48462,70.231384,132.04863,54.521496
1773040771.5963442,4,0.7470923066139221,0.15784722566604614,-0.6404156684875488,-0.08249285817146301,-160.43724060058594,-160.02272033691406,-1579.5413818359375,0.15934781730175018,585.0213,-106.18614,428.48465,70.23141,132.04861,54.521503
1773040771.6076038,4,0.7470878958702087,0.15776582062244415,-0.6404568552970886,-0.08236922323703766,-160.43484497070312,-160.0155029296875,-1579.531494140625,0.1723581999540329,585.02136,-106.18614,428.4847,70.23143,132.04865,54.521534
1773040771.62001,4,0.7469532489776611,0.15774457156658173,-0.6406188607215881,-0.08237072080373764,-160.4297637939453,-160.0157470703125,-1579.5111083984375,0.18084070086479187,585.0214,-106.18604,428.48474,70.23143,132.04863,54.521534
1773040771.6321952,4,0.7472030520439148,0.1577194184064865,-0.6403332352638245,-0.082374207675457,-160.42886352539062,-160.01223754882812,-1579.5592041015625,0.17272531986236572,585.0214,-106.186035,428.48456,70.23139,132.04865,54.521515
1773040796.12782,5,0.2655089199542999,-0.7345682382583618,0.00038297194987535477,-0.6244312524795532,-230.4984893798828,-179.09971618652344,-1571.0601806640625,0.1631680279970169,584.8775,-104.45094,423.02954,124.67022,-60.40587,38.1112
1773040796.14108,5,0.2657465636730194,-0.7343509197235107,0.0005350998253561556,-0.6245855689048767,-230.49368286132812,-179.10302734375,-1571.0550537109375,0.15452635288238525,584.8775,-104.450836,423.0297,124.67022,-60.405895,38.111195
1773040796.153354,5,0.2653712332248688,-0.7345395684242249,0.0001834803115343675,-0.6245235800743103,-230.49490356445312,-179.10850524902344,-1571.0345458984375,0.16482903063297272,584.8775,-104.45082,423.02994,124.670166,-60.405895,38.111248
1773040796.1665928,5,0.26552554965019226,-0.7343712449073792,0.0003485190391074866,-0.6246559023857117,-230.49679565429688,-179.10922241210938,-1571.0667724609375,0.15980654954910278,584.8775,-104.450584,423.02994,124.67018,-60.405907,38.11125
1773040796.181738,5,0.2655670642852783,-0.7344340085983276,0.0003748754970729351,-0.6245643496513367,-230.49148559570312,-179.11155700683594,-1571.0333251953125,0.16046403348445892,584.87756,-104.45059,423.03024,124.670105,-60.40591,38.11132
1773040796.193495,5,0.26547861099243164,-0.7344362139701843,0.0002826495619956404,-0.6245995163917542,-230.49630737304688,-179.1096649169922,-1571.04248046875,0.1634696125984192,584.87756,-104.45035,423.03036,124.6701,-60.405926,38.111347
1773040796.2068827,5,0.2654857039451599,-0.7345724105834961,0.00033600887400098145,-0.6244362592697144,-230.492919921875,-179.10939025878906,-1571.022705078125,0.16215546429157257,584.87756,-104.45023,423.03036,124.67011,-60.405937,38.111343
1773040796.2189882,5,0.26534590125083923,-0.7344776391983032,0.00016958829655777663,-0.6246072053909302,-230.49334716796875,-179.10609436035156,-1571.0086669921875,0.16969136893749237,584.87756,-104.45022,423.03055,124.67008,-60.40593,38.111374
1773040796.2306485,5,0.26537033915519714,-0.7344328165054321,9.546137152938172e-05,-0.6246495246887207,-230.49659729003906,-179.11489868164062,-1571.0308837890625,0.16979455947875977,584.8776,-104.450134,423.03082,124.67002,-60.405956,38.111423
1773040796.249376,5,0.26557907462120056,-0.734418511390686,0.00046490898239426315,-0.6245774626731873,-230.50148010253906,-179.10525512695312,-1571.0196533203125,0.16210965812206268,584.87756,-104.44999,423.03082,124.67006,-60.40596,38.111397
1773040817.3198345,6,0.7739618420600891,-0.07485172897577286,-0.5303126573562622,-0.3378591239452362,-211.80419921875,-192.1882781982422,-1573.1072998046875,0.1798984557390213,607.40967,-112.49046,470.36304,74.17945,173.72815,60.07847
1773040817.3323982,6,0.7739719152450562,-0.0750359445810318,-0.5304329991340637,-0.33760619163513184,-211.79661560058594,-192.195556640625,-1573.1116943359375,0.167976975440979,607.4096,-112.49045,470.36316,74.17947,173.72813,60.07847
1773040817.3420467,6,0.7741026878356934,-0.07502257823944092,-0.5301497578620911,-0.33775413036346436,-211.80770874023438,-192.1942901611328,-1573.153076171875,0.19207440316677094,607.4096,-112.49044,470.36313,74.17945,173.72812,60.078465
1773040817.354827,6,0.7739972472190857,-0.07480787485837936,-0.530230700969696,-0.3379162847995758,-211.79808044433594,-192.17967224121094,-1573.094970703125,0.18147459626197815,607.4097,-112.49035,470.36343,74.17948,173.72809,60.078472
1773040817.3641055,6,0.7740063071250916,-0.07500436156988144,-0.530302882194519,-0.3377387225627899,-211.79824829101562,-192.1826629638672,-1573.0924072265625,0.1744224578142166,607.4097,-112.490364,470.36353,74.1795,173.72809,60.078472
1773040817.3748853,6,0.7738521695137024,-0.07477223873138428,-0.5304532647132874,-0.3379071354866028,-211.7869415283203,-192.18470764160156,-1573.097412109375,0.1749851256608963,607.4097,-112.490364,470.36353,74.1795,173.72807,60.07847
1773040817.3846772,6,0.7739840149879456,-0.07498212158679962,-0.5303656458854675,-0.3376963138580322,-211.78256225585938,-192.18865966796875,-1573.105712890625,0.17855149507522583,607.4097,-112.49035,470.36343,74.17948,173.72807,60.07847
1773040817.394271,6,0.7737317085266113,-0.0746862143278122,-0.5305906534194946,-0.3379863202571869,-211.77622985839844,-192.19190979003906,-1573.08154296875,0.19871747493743896,607.4097,-112.49034,470.3635,74.1795,173.72806,60.078476
1773040817.4074817,6,0.7737669348716736,-0.0748838558793068,-0.5306301712989807,-0.3377997875213623,-211.7798614501953,-192.19923400878906,-1573.065673828125,0.1672254353761673,607.40985,-112.49037,470.36368,74.17952,173.72806,60.078476
1773040817.419878,6,0.7739194631576538,-0.07492530345916748,-0.5303847789764404,-0.33782681822776794,-211.79884338378906,-192.20245361328125,-1573.1260986328125,0.17417365312576294,607.4099,-112.49027,470.36377,74.17953,173.72804,60.078487
1773040827.6615696,7,0.7078840136528015,-0.23319825530052185,-0.5839174389839172,-0.3218061923980713,-371.3861083984375,-56.179039001464844,-1646.642822265625,0.14086776971817017,535.78174,27.92648,627.53986,79.79179,-178.46022,78.3706
1773040827.672359,7,0.7075734734535217,-0.23305320739746094,-0.5842813849449158,-0.32193365693092346,-371.3773498535156,-56.17112731933594,-1646.6146240234375,0.13943439722061157,535.78174,27.92638,627.5398,79.79179,-178.46022,78.37059
1773040827.681366,7,0.707778811454773,-0.23321901261806488,-0.5840101838111877,-0.32185420393943787,-371.38037109375,-56.17088317871094,-1646.609375,0.13621379435062408,535.78174,27.926378,627.5398,79.7918,-178.46022,78.37059
1773040827.691816,7,0.7076122760772705,-0.23321570456027985,-0.5842601656913757,-0.32176920771598816,-371.3867492675781,-56.176666259765625,-1646.6357421875,0.13619984686374664,535.78174,27.92638,627.5398,79.79179,-178.46022,78.37059
1773040827.704427,7,0.7079288959503174,-0.23293866217136383,-0.5837655663490295,-0.3221707344055176,-371.4013671875,-56.16762924194336,-1646.6790771484375,0.12648141384124756,535.78174,27.926264,627.53986,79.7918,-178.46022,78.370575
1773040827.7136645,7,0.7077722549438477,-0.2328527271747589,-0.5839676856994629,-0.32221075892448425,-371.3966064453125,-56.162078857421875,-1646.6458740234375,0.13584697246551514,535.78174,27.92637,627.53986,79.7918,-178.46022,78.37058
1773040827.7249649,7,0.7077276706695557,-0.2331215888261795,-0.5840873122215271,-0.3218974769115448,-371.4002685546875,-56.16492462158203,-1646.65673828125,0.14433421194553375,535.78174,27.92637,627.53986,79.7918,-178.46022,78.37058
1773040827.7367232,7,0.7080223560333252,-0.23291751742362976,-0.5836164951324463,-0.3222508132457733,-371.4052429199219,-56.15577697753906,-1646.70068359375,0.15247753262519836,535.78174,27.92647,627.53986,79.7918,-178.46022,78.3706
1773040827.7495143,7,0.7079090476036072,-0.2328239232301712,-0.5837486386299133,-0.32232797145843506,-371.40472412109375,-56.15119171142578,-1646.6988525390625,0.1358892023563385,535.7818,27.926355,627.5397,79.79178,-178.46024,78.37058
1773040827.7658684,7,0.7079004645347595,-0.233311265707016,-0.5838805437088013,-0.32175499200820923,-371.38671875,-56.15068435668945,-1646.7037353515625,0.13361233472824097,535.78174,27.926264,627.53986,79.7918,-178.46022,78.370575
1773040836.4717782,8,0.7213646769523621,-0.11689246445894241,-0.5439554452896118,-0.41240954399108887,-375.82977294921875,-214.86163330078125,-1667.706787109375,0.17014358937740326,521.8671,-127.298004,632.2514,82.42006,-178.42796,61.5793
1773040836.487281,8,0.7216385006904602,-0.116879403591156,-0.5436334609985352,-0.4123586118221283,-375.8480529785156,-214.84132385253906,-1667.734375,0.1818045973777771,521.86725,-127.29805,632.2514,82.42006,-178.428,61.579292
1773040836.4978466,8,0.7214942574501038,-0.11684861779212952,-0.5437434315681458,-0.4124748706817627,-375.8513488769531,-214.8509063720703,-1667.7401123046875,0.17796851694583893,521.86725,-127.298164,632.2515,82.42009,-178.428,61.579277
1773040836.5073645,8,0.7217199206352234,-0.11710820347070694,-0.5435839295387268,-0.4122166037559509,-375.8564453125,-214.84535217285156,-1667.7279052734375,0.1702650487422943,521.8673,-127.29822,632.2516,82.42009,-178.428,61.579273
1773040836.5205078,8,0.7217087149620056,-0.11710324138402939,-0.5436394214630127,-0.4121643900871277,-375.8511047363281,-214.8506622314453,-1667.7423095703125,0.1720305234193802,521.8674,-127.29824,632.2515,82.42009,-178.428,61.57928
1773040836.5328133,8,0.721467137336731,-0.11691024154424667,-0.543834924697876,-0.4123842120170593,-375.844482421875,-214.86087036132812,-1667.7137451171875,0.17710328102111816,521.8674,-127.298256,632.25165,82.42011,-178.42801,61.579273
1773040836.5426197,8,0.7213359475135803,-0.11693161725997925,-0.5440787672996521,-0.41228604316711426,-375.8294677734375,-214.86276245117188,-1667.684326171875,0.18185721337795258,521.86743,-127.298294,632.25165,82.42011,-178.42801,61.579273
1773040836.5546308,8,0.7215847373008728,-0.11706128716468811,-0.5437520742416382,-0.4122447967529297,-375.8499450683594,-214.87252807617188,-1667.74560546875,0.18164986371994019,521.86755,-127.29833,632.25165,82.42011,-178.428,61.579277
1773040836.5672963,8,0.7213577628135681,-0.11703550070524216,-0.5441261529922485,-0.41215571761131287,-375.83685302734375,-214.88287353515625,-1667.68994140625,0.1603499799966812,521.8676,-127.29837,632.2517,82.42013,-178.42801,61.579273
1773040836.5774057,8,0.7214585542678833,-0.1169993206858635,-0.5439051389694214,-0.412281334400177,-375.83526611328125,-214.88075256347656,-1667.6658935546875,0.18994316458702087,521.8676,-127.29838,632.2517,82.42011,-178.42802,61.57927
1773040844.9571612,9,0.7163611650466919,-0.010043321177363396,-0.492744117975235,-0.49389174580574036,-381.05340576171875,-350.4139709472656,-1728.833740234375,0.3476582169532776,468.5073,-261.17352,639.4085,85.56371,-178.2221,45.16696
1773040844.9695067,9,0.7163582444190979,-0.009907852858304977,-0.4925527572631836,-0.4940895736217499,-381.05218505859375,-350.4134826660156,-1728.8402099609375,0.35264578461647034,468.50732,-261.17355,639.40826,85.56369,-178.2221,45.16696
1773040844.9811149,9,0.7164328098297119,-0.010078414343297482,-0.4925943911075592,-0.4939364790916443,-381.05322265625,-350.4300537109375,-1728.85400390625,0.35638436675071716,468.50726,-261.1736,639.4082,85.563675,-178.2221,45.16695
1773040844.9937205,9,0.7165038585662842,-0.010131736285984516,-0.4924898147583008,-0.4939366281032562,-381.06640625,-350.4394226074219,-1728.88134765625,0.35301196575164795,468.5074,-261.17358,639.40814,85.563675,-178.22209,45.166965
1773040845.007385,9,0.7164892554283142,-0.010148248635232449,-0.4925462305545807,-0.49390116333961487,-381.0623779296875,-350.44659423828125,-1728.8695068359375,0.3577524721622467,468.50735,-261.17337,639.4084,85.56371,-178.22208,45.16698
1773040845.0207362,9,0.7165976166725159,-0.01022407878190279,-0.49240559339523315,-0.4938826858997345,-381.064453125,-350.4507141113281,-1728.86328125,0.3681691288948059,468.50735,-261.1734,639.4081,85.56367,-178.22209,45.166977
1773040845.031533,9,0.7166652679443359,-0.010196021758019924,-0.49222803115844727,-0.4939620792865753,-381.0655822753906,-350.45379638671875,-1728.8992919921875,0.35996943712234497,468.50742,-261.17346,639.4081,85.563675,-178.22208,45.16698
1773040845.0423217,9,0.7166593670845032,-0.010174190625548363,-0.49222463369369507,-0.4939744770526886,-381.064453125,-350.447021484375,-1728.8707275390625,0.3662567138671875,468.50742,-261.17346,639.40796,85.56367,-178.22209,45.166977
1773040845.054805,9,0.7166650891304016,-0.010266001336276531,-0.49225929379463196,-0.4939296841621399,-381.07525634765625,-350.4591064453125,-1728.9334716796875,0.3885799050331116,468.5075,-261.1734,639.4079,85.56367,-178.22208,45.166992
1773040845.0642633,9,0.7164204120635986,-0.010004875250160694,-0.49261483550071716,-0.4939354956150055,-381.06304931640625,-350.4609680175781,-1728.9049072265625,0.3451831638813019,468.50745,-261.17334,639.4079,85.56367,-178.22208,45.166996
1773040852.4854772,10,0.7270026206970215,0.06265673786401749,-0.4335973858833313,-0.5287103652954102,-360.7986755371094,-444.1536865234375,-1789.50048828125,0.37355002760887146,413.13004,-356.04742,623.0974,83.85328,-177.94998,33.720192
1773040852.4958692,10,0.7268033027648926,0.0628739520907402,-0.43365201354026794,-0.5289137959480286,-360.7884826660156,-444.15008544921875,-1789.474365234375,0.3474700450897217,413.12994,-356.04745,623.0973,83.85327,-177.94995,33.72019
1773040852.5074975,10,0.7268792390823364,0.06286504119634628,-0.43357470631599426,-0.5288738012313843,-360.78167724609375,-444.1412353515625,-1789.4613037109375,0.36337852478027344,413.1298,-356.04764,623.0972,83.85326,-177.94997,33.72016
1773040852.5178242,10,0.7269181609153748,0.06287453323602676,-0.4335396885871887,-0.5288479328155518,-360.7750244140625,-444.1318054199219,-1789.4725341796875,0.3702833652496338,413.12973,-356.0477,623.0972,83.85326,-177.94997,33.72015
1773040852.5356293,10,0.7268475294113159,0.06294888257980347,-0.4337935447692871,-0.5287280082702637,-360.7683410644531,-444.1474914550781,-1789.4857177734375,0.34224939346313477,413.12952,-356.04797,623.0972,83.85326,-177.94995,33.720116
1773040852.5479326,10,0.726893961429596,0.06280510127544403,-0.43369677662849426,-0.5287606120109558,-360.77520751953125,-444.14801025390625,-1789.49462890625,0.3466136157512665,413.12936,-356.0481,623.09717,83.85326,-177.94995,33.720093
1773040852.557928,10,0.7270309329032898,0.06264597922563553,-0.433456152677536,-0.5287885069847107,-360.79034423828125,-444.1548767089844,-1789.5084228515625,0.3760799765586853,413.12927,-356.04822,623.09717,83.85325,-177.94997,33.720078
1773040852.5704992,10,0.7268703579902649,0.06288261711597443,-0.43357691168785095,-0.5288821458816528,-360.77020263671875,-444.1481628417969,-1789.4791259765625,0.35310098528862,413.12918,-356.04822,623.09717,83.85325,-177.94997,33.720066
1773040852.5833037,10,0.7270645499229431,0.06262173503637314,-0.4334270656108856,-0.5287689566612244,-360.7880859375,-444.15582275390625,-1789.4931640625,0.37551650404930115,413.12903,-356.04837,623.09705,83.85325,-177.94995,33.720047
1773040852.5923405,10,0.7269513607025146,0.06283140182495117,-0.4334837794303894,-0.5288532376289368,-360.78350830078125,-444.15264892578125,-1789.4774169921875,0.3639443516731262,413.12906,-356.04843,623.097,83.85323,-177.94997,33.720043
1773040865.0793602,11,0.69753497838974,-0.27209198474884033,-0.3316596448421478,-0.5739449262619019,-202.0443572998047,-451.28338623046875,-1739.11865234375,0.4904846251010895,447.85458,-350.1255,442.96548,77.42486,-143.81262,58.09119
1773040865.0904632,11,0.6975146532058716,-0.2720354199409485,-0.3316921591758728,-0.5739776492118835,-202.03997802734375,-451.28924560546875,-1739.120849609375,0.49695736169815063,447.85455,-350.12543,442.96527,77.42483,-143.81267,58.09119
1773040865.1005614,11,0.697578489780426,-0.27182766795158386,-0.33158817887306213,-0.5740585327148438,-202.02903747558594,-451.2771911621094,-1739.1256103515625,0.4964335560798645,447.85455,-350.12543,442.9654,77.424835,-143.81268,58.091175
1773040865.1135716,11,0.6976906657218933,-0.27209150791168213,-0.3313976526260376,-0.573907196521759,-202.0443572998047,-451.2791442871094,-1739.10791015625,0.48822498321533203,447.85452,-350.12537,442.96527,77.42482,-143.81271,58.091167
1773040865.1284435,11,0.6975592374801636,-0.27189767360687256,-0.331557035446167,-0.5740668177604675,-202.03050231933594,-451.27935791015625,-1739.1031494140625,0.47576186060905457,447.85458,-350.12546,442.96527,77.424805,-143.81276,58.091137
1773040865.140653,11,0.6976190805435181,-0.27192452549934387,-0.3315352201461792,-0.573993980884552,-202.0318145751953,-451.2857971191406,-1739.1282958984375,0.47954249382019043,447.85458,-350.12543,442.9652,77.42481,-143.81277,58.09113
1773040865.1506839,11,0.6976601481437683,-0.27209559082984924,-0.33150380849838257,-0.5738811492919922,-202.0306396484375,-451.2861633300781,-1739.0848388671875,0.48633214831352234,447.85464,-350.1253,442.9653,77.42483,-143.81279,58.091118
1773040865.1604881,11,0.6976091265678406,-0.27190694212913513,-0.33158111572265625,-0.5739878416061401,-202.029541015625,-451.28656005859375,-1739.128173828125,0.48801058530807495,447.8546,-350.12543,442.96524,77.424805,-143.81284,58.091095
1773040865.175809,11,0.6976169943809509,-0.27185526490211487,-0.33142173290252686,-0.574094831943512,-202.03404235839844,-451.2733459472656,-1739.1124267578125,0.4893556237220764,447.85468,-350.1253,442.9653,77.42481,-143.81284,58.091087
1773040865.1881938,11,0.6976951956748962,-0.2719675898551941,-0.3313427269458771,-0.5739921927452087,-202.04037475585938,-451.2674560546875,-1739.104248046875,0.4804092049598694,447.85464,-350.12527,442.96524,77.424805,-143.81288,58.091072
1773040874.301435,12,0.5935894846916199,-0.33859506249427795,-0.4705650806427002,-0.5581875443458557,-106.79910278320312,-365.1216125488281,-1671.578369140625,0.16215813159942627,493.4156,-264.902,342.69574,90.55492,-145.66351,68.500946
1773040874.3110085,12,0.5932186841964722,-0.338410347700119,-0.47101539373397827,-0.5583139657974243,-106.79161834716797,-365.1363830566406,-1671.586669921875,0.1604040265083313,493.4159,-264.90244,342.69708,90.55512,-145.6634,68.50083
1773040874.3210292,12,0.5934122800827026,-0.33864206075668335,-0.4708261787891388,-0.5581273436546326,-106.79652404785156,-365.146240234375,-1671.6094970703125,0.16130468249320984,493.41614,-264.90283,342.69827,90.5553,-145.66331,68.50071
1773040874.3332574,12,0.5935894846916199,-0.3384910225868225,-0.4705409109592438,-0.558271050453186,-106.79479217529297,-365.13714599609375,-1671.5994873046875,0.1643979251384735,493.4166,-264.9033,342.6998,90.55553,-145.6632,68.50059
1773040874.3455179,12,0.5934014320373535,-0.3384590148925781,-0.4707752764225006,-0.5582928657531738,-106.80050659179688,-365.142822265625,-1671.5902099609375,0.16494107246398926,493.41684,-264.90353,342.70096,90.55571,-145.66312,68.50049
1773040874.359032,12,0.5936235785484314,-0.33837631344795227,-0.4704655408859253,-0.5583678483963013,-106.80624389648438,-365.1424560546875,-1671.6484375,0.173295259475708,493.4172,-264.9039,342.70264,90.55595,-145.66302,68.50035
1773040874.370874,12,0.5934452414512634,-0.33841994404792786,-0.4706953167915344,-0.558337390422821,-106.79935455322266,-365.14434814453125,-1671.6185302734375,0.16937491297721863,493.41745,-264.9043,342.70428,90.5562,-145.66293,68.500206
1773040874.385785,12,0.5934970378875732,-0.33860623836517334,-0.47070181369781494,-0.5581638813018799,-106.79865264892578,-365.15203857421875,-1671.603271484375,0.1693131923675537,493.41794,-264.90475,342.70673,90.55654,-145.66277,68.500015
1773040874.3968482,12,0.5936111211776733,-0.3385980725288391,-0.47056856751441956,-0.5581598281860352,-106.80390167236328,-365.14398193359375,-1671.614990234375,0.16941864788532257,493.4183,-264.90512,342.70856,90.556816,-145.66269,68.499855
1773040874.4089653,12,0.5933176875114441,-0.3382207453250885,-0.470871239900589,-0.5584452152252197,-106.79066467285156,-365.1419982910156,-1671.6099853515625,0.17317356169223785,493.41867,-264.9055,342.7103,90.55706,-145.66258,68.49972
1773040882.6759455,13,0.6142458319664001,-0.33957329392433167,-0.47566884756088257,-0.5302180051803589,12.45875358581543,-417.4410400390625,-1730.758544921875,0.17411205172538757,426.67047,-315.45175,231.43901,87.22038,-148.29854,71.19171
1773040882.689163,13,0.6140522956848145,-0.3395206928253174,-0.4758839011192322,-0.5302828550338745,12.45873737335205,-417.4425048828125,-1730.73193359375,0.17084935307502747,426.67062,-315.45178,231.43916,87.2204,-148.29854,71.19169
1773040882.7019293,13,0.6139549612998962,-0.33965229988098145,-0.47605180740356445,-0.530160665512085,12.46168041229248,-417.4412841796875,-1730.7100830078125,0.16938422620296478,426.67056,-315.45184,231.43915,87.22039,-148.29852,71.191696
1773040882.7161431,13,0.6141203045845032,-0.3395795226097107,-0.47581806778907776,-0.5302255749702454,12.456603050231934,-417.427490234375,-1730.7247314453125,0.1720678210258484,426.67056,-315.45184,231.43913,87.22039,-148.29855,71.19167
1773040882.7390354,13,0.6140703558921814,-0.3398388624191284,-0.4759409427642822,-0.5300068259239197,12.456332206726074,-417.4367980957031,-1730.692626953125,0.160690039396286,426.67065,-315.45184,231.43929,87.22041,-148.29854,71.19167
1773040882.7704651,13,0.6142022013664246,-0.339534729719162,-0.47574931383132935,-0.5302211046218872,12.461774826049805,-417.44561767578125,-1730.7562255859375,0.17331786453723907,426.67072,-315.45193,231.43922,87.2204,-148.29855,71.19166
1773040882.7910798,13,0.6142092347145081,-0.3397137522697449,-0.4757600724697113,-0.5300885438919067,12.459502220153809,-417.45269775390625,-1730.7252197265625,0.16665486991405487,426.6707,-315.45187,231.4392,87.22039,-148.29855,71.19165
1773040882.8121982,13,0.6143332719802856,-0.33959925174713135,-0.47559013962745667,-0.530170738697052,12.46275520324707,-417.4482421875,-1730.7462158203125,0.17927277088165283,426.67078,-315.45197,231.43925,87.220406,-148.29857,71.19163
1773040882.8235273,13,0.6142566204071045,-0.3393663167953491,-0.47564229369163513,-0.5303618907928467,12.46587085723877,-417.4439392089844,-1730.73974609375,0.18044324219226837,426.6708,-315.45203,231.43935,87.220406,-148.29857,71.19161
1773040882.8333507,13,0.6143916249275208,-0.33984434604644775,-0.47555801272392273,-0.5299748182296753,12.459668159484863,-417.45587158203125,-1730.7486572265625,0.17184290289878845,426.67084,-315.45206,231.43932,87.22042,-148.29857,71.19161
1773040896.576607,14,0.3519008159637451,-0.61919105052948,-0.29350435733795166,-0.6376703381538391,61.00395965576172,-300.387451171875,-1692.5306396484375,0.17060288786888123,449.36914,-209.51546,150.68295,68.17354,-101.09761,105.13778
1773040896.5895433,14,0.3518078625202179,-0.6191545128822327,-0.29363903403282166,-0.6376950740814209,61.00239562988281,-300.38360595703125,-1692.5379638671875,0.1705884039402008,449.3691,-209.51543,150.68289,68.17336,-101.0976,105.137955
1773040896.6018624,14,0.35211077332496643,-0.6189344525337219,-0.2933547794818878,-0.6378722786903381,61.007232666015625,-300.3862609863281,-1692.5748291015625,0.16591870784759521,449.3691,-209.51532,150.68283,68.17325,-101.097626,105.13809
1773040896.613969,14,0.3519810438156128,-0.6188690662384033,-0.2935263216495514,-0.6379284858703613,61.003143310546875,-300.383544921875,-1692.532470703125,0.1730237901210785,449.36914,-209.51523,150.6828,68.17318,-101.097626,105.13817
1773040896.624676,14,0.35194283723831177,-0.6190787553787231,-0.2935078740119934,-0.637754499912262,61.001285552978516,-300.3826904296875,-1692.5186767578125,0.17058247327804565,449.36914,-209.51524,150.6827,68.173096,-101.09765,105.13824
1773040896.651452,14,0.35190388560295105,-0.6192143559455872,-0.29351571202278137,-0.6376407146453857,61.00341033935547,-300.38641357421875,-1692.5103759765625,0.1677296757698059,449.36908,-209.51506,150.68246,68.17276,-101.09769,105.13858
1773040896.6637456,14,0.35161158442497253,-0.619022011756897,-0.29385653138160706,-0.6378318071365356,61.010799407958984,-300.3922119140625,-1692.51904296875,0.17469006776809692,449.36905,-209.51503,150.68236,68.17267,-101.097694,105.13867
1773040896.6744566,14,0.3519621193408966,-0.6191772222518921,-0.29346024990081787,-0.6376702189445496,61.01063537597656,-300.3941345214844,-1692.540771484375,0.16623207926750183,449.3691,-209.51509,150.68236,68.17263,-101.097694,105.13871
1773040896.6864057,14,0.35191747546195984,-0.6189135909080505,-0.29352396726608276,-0.6379213929176331,61.005882263183594,-300.3893737792969,-1692.53662109375,0.17068304121494293,449.3691,-209.51498,150.6823,68.172485,-101.0977,105.13887
1773040896.698671,14,0.3517777919769287,-0.6191850900650024,-0.2936413288116455,-0.6376809477806091,61.00748825073242,-300.3880615234375,-1692.498291015625,0.17229771614074707,449.36902,-209.51501,150.68216,68.17237,-101.097725,105.138954
1773040914.4971268,15,0.15412011742591858,0.7381687164306641,-0.22334271669387817,0.6176342368125916,99.77445983886719,-91.85955047607422,-1484.34033203125,0.17156946659088135,645.8726,-59.491405,92.02063,102.1431,-13.381609,77.349754
1773040914.5101259,15,0.15399743616580963,0.7380527853965759,-0.22348657250404358,0.6177512407302856,99.77433013916016,-91.85826110839844,-1484.362548828125,0.1737663894891739,645.8728,-59.49158,92.020775,102.14306,-13.381588,77.34976
1773040914.5214305,15,0.1541251838207245,0.7381462454795837,-0.22337929904460907,0.6176465153694153,99.7796401977539,-91.8538818359375,-1484.3614501953125,0.1732238233089447,645.8728,-59.491558,92.020805,102.14305,-13.3815775,77.34979
1773040914.5342598,15,0.15424616634845734,0.7381658554077148,-0.2232547551393509,0.6176378726959229,99.77496337890625,-91.84773254394531,-1484.3475341796875,0.17102666199207306,645.87305,-59.49176,92.02097,102.14301,-13.381554,77.3498
1773040914.5473483,15,0.15427370369434357,0.7381448745727539,-0.22324049472808838,0.6176612377166748,99.77217102050781,-91.84501647949219,-1484.3614501953125,0.1778688281774521,645.8731,-59.49188,92.021126,102.14299,-13.381542,77.34982
1773040914.5571606,15,0.15432319045066833,0.7381177544593811,-0.22323031723499298,0.6176850199699402,99.773193359375,-91.84768676757812,-1484.360595703125,0.17299357056617737,645.8733,-59.492058,92.02127,102.14296,-13.381534,77.34983
1773040914.5703306,15,0.15411284565925598,0.7382678389549255,-0.22337913513183594,0.617504358291626,99.77558898925781,-91.85655212402344,-1484.333251953125,0.17631566524505615,645.8735,-59.492355,92.0215,102.14293,-13.381506,77.349846
1773040914.5845857,15,0.15413790941238403,0.738134503364563,-0.22335483133792877,0.6176661849021912,99.77229309082031,-91.86083984375,-1484.3486328125,0.17580877244472504,645.8736,-59.492493,92.02151,102.14291,-13.3814945,77.34986
1773040914.5953262,15,0.15415595471858978,0.7381712794303894,-0.22332985699176788,0.6176267862319946,99.77305603027344,-91.86593627929688,-1484.3428955078125,0.17322881519794464,645.87366,-59.492638,92.02166,102.142876,-13.3814945,77.34986
1773040914.6070013,15,0.15401685237884521,0.7382765412330627,-0.2234586477279663,0.6174890995025635,99.77513122558594,-91.87327575683594,-1484.3314208984375,0.17995136976242065,645.8737,-59.49274,92.0217,102.14287,-13.381464,77.34989
1773040928.4244564,16,0.061886947602033615,-0.6189890503883362,-0.11194170266389847,-0.7749139666557312,-14.523963928222656,-30.398975372314453,-1504.136474609375,0.16028043627738953,650.1663,26.84111,192.43343,71.86589,-58.67412,106.546814
1773040928.4357703,16,0.06204018369317055,-0.6189699172973633,-0.11175381392240524,-0.7749440670013428,-14.525165557861328,-30.394954681396484,-1504.1534423828125,0.15965840220451355,650.16626,26.840849,192.43346,71.865906,-58.674133,106.54677
1773040928.448123,16,0.06199043616652489,-0.6186968684196472,-0.11175931990146637,-0.7751652598381042,-14.518024444580078,-30.389305114746094,-1504.1690673828125,0.1558084338903427,650.1661,26.840736,192.4333,71.865974,-58.67413,106.546684
1773040928.4604156,16,0.06210414692759514,-0.6189447045326233,-0.11169113963842392,-0.774968147277832,-14.526203155517578,-30.38835906982422,-1504.1563720703125,0.16121244430541992,650.166,26.840727,192.43326,71.86599,-58.674137,106.54666
1773040928.4729595,16,0.06200245022773743,-0.618854284286499,-0.11178867518901825,-0.775034487247467,-14.521595001220703,-30.390613555908203,-1504.1708984375,0.16126148402690887,650.166,26.84034,192.43346,71.865974,-58.674118,106.54663
1773040928.485152,16,0.06195967644453049,-0.6189446449279785,-0.11186457425355911,-0.7749547362327576,-14.52481460571289,-30.396888732910156,-1504.134765625,0.1632448434829712,650.16595,26.840342,192.43333,71.86604,-58.674126,106.54656
1773040928.4952984,16,0.06193145364522934,-0.6188632249832153,-0.11186199635267258,-0.7750223875045776,-14.52403450012207,-30.39974021911621,-1504.1510009765625,0.16154299676418304,650.1659,26.840202,192.43329,71.86607,-58.67411,106.54651
1773040928.5078356,16,0.061973825097084045,-0.6187779307365417,-0.11184372007846832,-0.7750897407531738,-14.515388488769531,-30.405433654785156,-1504.1627197265625,0.15975728631019592,650.1658,26.839848,192.43324,71.86611,-58.67412,106.54644
1773040928.520309,16,0.06206125393509865,-0.6188985109329224,-0.11174517124891281,-0.7750006914138794,-14.518863677978516,-30.402999877929688,-1504.142333984375,0.15729749202728271,650.1658,26.839703,192.43317,71.866104,-58.674114,106.54642
1773040928.5351067,16,0.0621332973241806,-0.619004487991333,-0.11170870065689087,-0.7749155163764954,-14.524049758911133,-30.409883499145508,-1504.15185546875,0.1587088406085968,650.1657,26.839441,192.43318,71.866135,-58.6741,106.54636
1773040936.4739525,17,0.16680248081684113,-0.6274925470352173,-0.107331283390522,-0.7529343366622925,-15.849609375,85.82699584960938,-1470.412841796875,0.16920772194862366,685.1866,149.03891,193.71477,76.22117,-67.48983,94.598236
1773040936.4862168,17,0.16666245460510254,-0.6275009512901306,-0.10748293995857239,-0.752936601638794,-15.852693557739258,85.83207702636719,-1470.4075927734375,0.16965723037719727,685.18646,149.03932,193.71468,76.221245,-67.48982,94.598206
1773040936.5011497,17,0.16671384871006012,-0.6275840401649475,-0.10744521021842957,-0.7528614401817322,-15.849864959716797,85.82949829101562,-1470.387451171875,0.17522650957107544,685.1864,149.0396,193.7145,76.22123,-67.48983,94.598236
1773040936.5111473,17,0.1666983664035797,-0.6274477243423462,-0.10738598555326462,-0.7529869079589844,-15.84952163696289,85.8287582397461,-1470.396728515625,0.17417261004447937,685.1864,149.03987,193.71455,76.2212,-67.48983,94.59829
1773040936.5204456,17,0.16673330962657928,-0.6274611949920654,-0.10733038187026978,-0.7529758214950562,-15.851839065551758,85.82827758789062,-1470.4085693359375,0.17479020357131958,685.18646,149.03987,193.71461,76.22117,-67.48983,94.59831
1773040936.530578,17,0.166772723197937,-0.6274080872535706,-0.10734873265028,-0.7530087828636169,-15.850784301757812,85.81680297851562,-1470.40087890625,0.18301910161972046,685.18646,149.0399,193.71461,76.221176,-67.489815,94.59832
1773040936.542904,17,0.1666993945837021,-0.6273822784423828,-0.10739576816558838,-0.7530397772789001,-15.851276397705078,85.81078338623047,-1470.4007568359375,0.1775323897600174,685.1864,149.04015,193.71448,76.22121,-67.48982,94.598305
1773040936.5554962,17,0.1665107011795044,-0.6274687051773071,-0.10760332643985748,-0.7529799938201904,-15.848211288452148,85.80003356933594,-1470.391845703125,0.1728278249502182,685.1864,149.04015,193.71448,76.2212,-67.48983,94.59831
1773040936.5660882,17,0.1668178290128708,-0.6273830533027649,-0.10732591152191162,-0.7530228495597839,-15.84061050415039,85.79327392578125,-1470.4046630859375,0.17254485189914703,685.1864,149.04018,193.71457,76.221146,-67.48981,94.59837
1773040936.5750356,17,0.1666262447834015,-0.6271397471427917,-0.1075187623500824,-0.7532404065132141,-15.834733963012695,85.78759765625,-1470.42919921875,0.16808106005191803,685.18634,149.04015,193.71432,76.221275,-67.48982,94.59824
1773040943.1727238,18,0.25234290957450867,-0.6040381193161011,-0.0875764712691307,-0.7508603930473328,-27.343246459960938,132.6158447265625,-1466.904052734375,0.18153706192970276,693.68896,201.16135,206.19032,74.315,-72.98205,87.67149
1773040943.1856148,18,0.2521592378616333,-0.6040226221084595,-0.08773153275251389,-0.7509164810180664,-27.342863082885742,132.59925842285156,-1466.8592529296875,0.18260110914707184,693.6889,201.16138,206.19,74.31513,-72.982025,87.67139
1773040943.1960464,18,0.2520177662372589,-0.6039371490478516,-0.08784408122301102,-0.7510195970535278,-27.33676528930664,132.59872436523438,-1466.900634765625,0.1797473281621933,693.6888,201.16135,206.18974,74.31522,-72.98199,87.67129
1773040943.2102735,18,0.2522817552089691,-0.6039671897888184,-0.08765823394060135,-0.7509284615516663,-27.334026336669922,132.58953857421875,-1466.8863525390625,0.1783732920885086,693.6887,201.16138,206.18945,74.31531,-72.981964,87.67122
1773040943.2205586,18,0.252210408449173,-0.604044497013092,-0.0877283364534378,-0.750882089138031,-27.332509994506836,132.58322143554688,-1466.8834228515625,0.18007411062717438,693.6886,201.16121,206.18909,74.31546,-72.98192,87.67107
1773040943.2302785,18,0.2518883943557739,-0.6040565371513367,-0.08801815658807755,-0.7509465217590332,-27.329904556274414,132.57666015625,-1466.8624267578125,0.19077081978321075,693.6886,201.16121,206.18895,74.315506,-72.9819,87.67101
1773040943.2427342,18,0.25202417373657227,-0.604005753993988,-0.08782865107059479,-0.7509640455245972,-27.333969116210938,132.58438110351562,-1466.8843994140625,0.18626342713832855,693.6885,201.16136,206.18869,74.315636,-72.98188,87.67091
1773040943.2554994,18,0.25221651792526245,-0.6038797497749329,-0.08771558105945587,-0.7510139346122742,-27.334362030029297,132.58702087402344,-1466.9036865234375,0.18048782646656036,693.6885,201.16118,206.18845,74.31568,-72.981865,87.670845
1773040943.2654371,18,0.25212711095809937,-0.6039541363716125,-0.08777701109647751,-0.7509770393371582,-27.336055755615234,132.5889892578125,-1466.8856201171875,0.1820499300956726,693.68835,201.16135,206.18822,74.315765,-72.98184,87.670784
1773040943.2750719,18,0.2520015835762024,-0.6039304733276367,-0.08791083842515945,-0.7510225772857666,-27.33443832397461,132.5941619873047,-1466.892578125,0.18369001150131226,693.6883,201.16133,206.18793,74.31584,-72.981834,87.670715
1773040951.65208,19,0.15016338229179382,-0.6595612168312073,-0.1792871206998825,-0.7143431305885315,-154.96334838867188,201.40542602539062,-1472.8404541015625,0.19137772917747498,688.6265,264.3127,334.50552,86.73715,-72.598526,92.78108
1773040951.66371,19,0.15008875727653503,-0.6597927808761597,-0.17945335805416107,-0.7141031622886658,-154.9560546875,201.397705078125,-1472.7879638671875,0.1956234574317932,688.6277,264.31158,334.50638,86.73728,-72.59888,92.78048
1773040951.6731627,19,0.15030188858509064,-0.6597409844398499,-0.1791691929101944,-0.7141775488853455,-154.96002197265625,201.40586853027344,-1472.8001708984375,0.18855729699134827,688.62854,264.31088,334.5069,86.737366,-72.59918,92.78003
1773040951.6864536,19,0.15011300146579742,-0.6596820950508118,-0.17935621738433838,-0.7142247557640076,-154.96640014648438,201.40077209472656,-1472.8033447265625,0.18755272030830383,688.6302,264.30923,334.50787,86.73761,-72.599686,92.77914
1773040951.7018764,19,0.1502896547317505,-0.6598148345947266,-0.17919138073921204,-0.7141062617301941,-154.9656219482422,201.39907836914062,-1472.7816162109375,0.19553574919700623,688.63275,264.30682,334.5097,86.737885,-72.60051,92.77781
1773040951.7134204,19,0.15020854771137238,-0.6597133874893188,-0.17927542328834534,-0.7141960263252258,-154.96861267089844,201.4058380126953,-1472.8082275390625,0.1976264864206314,688.63446,264.30518,334.5108,86.73811,-72.60106,92.77688
1773040951.7234964,19,0.15014958381652832,-0.6597903370857239,-0.1793200820684433,-0.7141261100769043,-154.9733428955078,201.41339111328125,-1472.8236083984375,0.18374326825141907,688.63605,264.3037,334.5117,86.73841,-72.601616,92.77594
1773040951.736632,19,0.15037336945533752,-0.6598307490348816,-0.17911246418952942,-0.714093804359436,-154.968505859375,201.4113311767578,-1472.8109130859375,0.193873330950737,688.63776,264.30194,334.5127,86.73868,-72.60213,92.77497
1773040951.7464366,19,0.1501382291316986,-0.6597750782966614,-0.17941763997077942,-0.7141181230545044,-154.96807861328125,201.4029541015625,-1472.81005859375,0.18321990966796875,688.63885,264.30087,334.51364,86.738716,-72.60248,92.77448
1773040951.759746,19,0.14989303052425385,-0.6595333814620972,-0.1796291470527649,-0.7143396735191345,-154.9684295654297,201.39820861816406,-1472.8385009765625,0.18252529203891754,688.6396,264.30026,334.51407,86.73871,-72.6027,92.7742
1773040959.593979,20,0.13033995032310486,-0.7030994892120361,-0.22010307013988495,-0.6634886860847473,-265.1961975097656,248.47076416015625,-1496.29052734375,0.18489117920398712,667.40063,310.29224,448.80295,109.68672,-74.21147,77.20724
1773040959.604328,20,0.13072216510772705,-0.7028496861457825,-0.21965982019901276,-0.6638249754905701,-265.19525146484375,248.47251892089844,-1496.346923828125,0.1707063466310501,667.4009,310.2917,448.80298,109.686615,-74.21147,77.207306
1773040959.6164947,20,0.13032829761505127,-0.7030737400054932,-0.22007393836975098,-0.6635279655456543,-265.1948547363281,248.4785919189453,-1496.294677734375,0.18612684309482574,667.401,310.29138,448.80298,109.68655,-74.2115,77.20733
1773040959.6293223,20,0.13056254386901855,-0.70329350233078,-0.21989689767360687,-0.6633076071739197,-265.1901550292969,248.47323608398438,-1496.2578125,0.19804982841014862,667.4011,310.2911,448.80304,109.686386,-74.2115,77.20744
1773040959.642069,20,0.13042476773262024,-0.7032588124275208,-0.22002124786376953,-0.6633302569389343,-265.1942138671875,248.47987365722656,-1496.247314453125,0.18736247718334198,667.40137,310.29056,448.8031,109.68625,-74.21151,77.20753
1773040959.6564732,20,0.13047513365745544,-0.703302800655365,-0.22000187635421753,-0.663280189037323,-265.1971130371094,248.48583984375,-1496.2379150390625,0.19949311017990112,667.4015,310.29025,448.80307,109.68619,-74.21152,77.20755
1773040959.666191,20,0.13062693178653717,-0.7033531069755554,-0.21984270215034485,-0.6632497310638428,-265.2048034667969,248.49957275390625,-1496.2767333984375,0.194097638130188,667.40155,310.28998,448.80325,109.686,-74.211525,77.20771
1773040959.6765285,20,0.13034310936927795,-0.7031738758087158,-0.22010867297649384,-0.6634073853492737,-265.203857421875,248.50094604492188,-1496.2911376953125,0.17709662020206451,667.40173,310.2897,448.80316,109.686005,-74.21153,77.20767
1773040959.6886535,20,0.13101820647716522,-0.7031118869781494,-0.21928036212921143,-0.6636143922805786,-265.2080078125,248.506591796875,-1496.309814453125,0.19532684981822968,667.40173,310.2897,448.80328,109.68571,-74.21155,77.20795
1773040959.6999319,20,0.1305643916130066,-0.7031341195106506,-0.21982704102993011,-0.6634994149208069,-265.20794677734375,248.50335693359375,-1496.2938232421875,0.19731593132019043,667.4019,310.28925,448.80325,109.68567,-74.211555,77.20793
1773040971.3711555,21,0.1315544992685318,0.7450730204582214,0.0580720454454422,0.6512966156005859,-342.986572265625,368.360595703125,-1561.63232421875,0.17141073942184448,608.85126,403.89926,527.84186,106.31115,-40.44765,92.46473
1773040971.3829772,21,0.13144361972808838,0.7449902296066284,0.05795643478631973,0.6514239311218262,-342.99163818359375,368.36651611328125,-1561.6737060546875,0.1724124401807785,608.8524,403.89743,527.8418,106.311165,-40.447643,92.464554
1773040971.3939414,21,0.1312166452407837,0.745232105255127,0.05772504583001137,0.6512135863304138,-342.98876953125,368.3554382324219,-1561.6251220703125,0.1652790606021881,608.8538,403.89532,527.842,106.311165,-40.447662,92.464355
1773040971.403746,21,0.13118129968643188,0.745313286781311,0.057685911655426025,0.651131272315979,-342.9889221191406,368.360595703125,-1561.6280517578125,0.16036680340766907,608.85583,403.89227,527.84216,106.31116,-40.447678,92.46407
1773040971.4141586,21,0.1313842386007309,0.7451298236846924,0.05790562927722931,0.6512807607650757,-342.99053955078125,368.35009765625,-1561.6131591796875,0.1561512053012848,608.85803,403.88895,527.8424,106.311134,-40.447697,92.46377
1773040971.4243293,21,0.13119831681251526,0.7450225353240967,0.057628657668828964,0.6514655351638794,-342.9982604980469,368.35931396484375,-1561.6407470703125,0.16202779114246368,608.85913,403.88724,527.84235,106.31115,-40.447693,92.4636
1773040971.436541,21,0.1313333958387375,0.7450954914093018,0.05780310556292534,0.6513394117355347,-342.9881286621094,368.3559875488281,-1561.604248046875,0.14919105172157288,608.8606,403.88498,527.8425,106.31114,-40.44772,92.46338
1773040971.4490354,21,0.13126622140407562,0.7451973557472229,0.057740792632102966,0.6512419581413269,-342.9941101074219,368.3525390625,-1561.5958251953125,0.16112872958183289,608.8627,403.8818,527.84265,106.31114,-40.447746,92.46307
1773040971.4611008,21,0.13135160505771637,0.7451958060264587,0.057878218591213226,0.6512143015861511,-342.9928894042969,368.3516540527344,-1561.597900390625,0.15719205141067505,608.86395,403.8797,527.84296,106.31111,-40.447758,92.4629
1773040971.4738035,21,0.13153962790966034,0.7448980212211609,0.058014530688524246,0.6515048742294312,-342.9976806640625,368.3428649902344,-1561.6195068359375,0.1843973845243454,608.86523,403.87784,527.8431,106.31111,-40.447784,92.46271
1773040980.6875038,22,0.020352456718683243,0.7390723824501038,-0.012847955338656902,0.6731958985328674,-389.6800537109375,201.51986694335938,-1493.351806640625,0.15348319709300995,676.77563,245.35826,569.22723,102.731255,-42.492657,80.553635
1773040980.7014284,22,0.020129533484578133,0.7390808463096619,-0.01313785184174776,0.6731877326965332,-389.6788024902344,201.5178985595703,-1493.337646484375,0.16058242321014404,676.77563,245.35828,569.22723,102.73126,-42.49264,80.553635
1773040980.712565,22,0.020198967307806015,0.7389415502548218,-0.013030869886279106,0.6733406186103821,-389.6761474609375,201.50784301757812,-1493.3363037109375,0.16047878563404083,676.77563,245.35828,569.22723,102.73126,-42.49264,80.553635
1773040980.727349,22,0.020200753584504128,0.7387771606445312,-0.01306734886020422,0.6735202074050903,-389.6828308105469,201.50289916992188,-1493.3515625,0.16169166564941406,676.77563,245.35828,569.2271,102.73129,-42.492638,80.55362
1773040980.7401555,22,0.020262256264686584,0.7387849688529968,-0.013020889833569527,0.6735106706619263,-389.68316650390625,201.49781799316406,-1493.3551025390625,0.16160817444324493,676.7756,245.35826,569.22705,102.73129,-42.492634,80.55362
1773040980.752835,22,0.020474236458539963,0.73891282081604,-0.012680488638579845,0.6733705401420593,-389.67041015625,201.48985290527344,-1493.3116455078125,0.16196417808532715,676.7756,245.35829,569.227,102.73132,-42.492634,80.55361
1773040980.7654514,22,0.020400209352374077,0.7388285994529724,-0.012763950042426586,0.6734635829925537,-389.6778869628906,201.49232482910156,-1493.333984375,0.16097570955753326,676.7755,245.35832,569.22687,102.731346,-42.492603,80.55361
1773040980.7778656,22,0.020310668274760246,0.7387757301330566,-0.012880593538284302,0.6735220551490784,-389.6768493652344,201.48841857910156,-1493.346435546875,0.15892598032951355,676.77545,245.35857,569.22687,102.73135,-42.492626,80.55362
1773040980.7895634,22,0.02038043923676014,0.7388972043991089,-0.01281781867146492,0.673387885093689,-389.68145751953125,201.49078369140625,-1493.33544921875,0.15928012132644653,676.7755,245.35858,569.22675,102.73137,-42.49261,80.55361
1773040980.8026922,22,0.020256750285625458,0.7390283346176147,-0.01295106764882803,0.6732452511787415,-389.67767333984375,201.4881134033203,-1493.3077392578125,0.15872126817703247,676.77545,245.35858,569.2266,102.7314,-42.49262,80.5536
1773040991.7302728,23,0.2265588343143463,-0.7218198776245117,-0.07874613255262375,-0.6491888761520386,-389.84033203125,17.986875534057617,-1457.212890625,0.1786801815032959,712.12103,85.66128,572.6065,121.827225,-66.489975,48.622772
1773040991.7424068,23,0.2267671674489975,-0.7216862440109253,-0.07849562913179398,-0.6492949724197388,-389.85089111328125,17.98720932006836,-1457.2646484375,0.1743834763765335,712.1209,85.661285,572.60657,121.827225,-66.489975,48.622772
1773040991.755164,23,0.22699181735515594,-0.7215747833251953,-0.07821794599294662,-0.6493739485740662,-389.8529357910156,17.989089965820312,-1457.2720947265625,0.18078656494617462,712.121,85.661285,572.6066,121.8272,-66.48998,48.62279
1773040991.7665293,23,0.2266979217529297,-0.721590518951416,-0.07855649292469025,-0.6494182348251343,-389.8549499511719,17.981740951538086,-1457.2923583984375,0.16359013319015503,712.1209,85.66144,572.6067,121.827156,-66.489975,48.62285
1773040991.7813263,23,0.22674675285816193,-0.7217657566070557,-0.07853380590677261,-0.6492091417312622,-389.843994140625,17.97211456298828,-1457.2362060546875,0.17764173448085785,712.1209,85.66141,572.60657,121.8272,-66.48998,48.622803
1773040991.7920973,23,0.22646570205688477,-0.7217801213264465,-0.07887271791696548,-0.6492502093315125,-389.8362731933594,17.963254928588867,-1457.24609375,0.1698552817106247,712.1209,85.66125,572.60675,121.827194,-66.49,48.622787
1773040991.8047416,23,0.22676898539066315,-0.7216554880142212,-0.07851628214120865,-0.6493260860443115,-389.8362121582031,17.96427345275879,-1457.263427734375,0.1741647720336914,712.1208,85.66144,572.6068,121.82713,-66.48998,48.622868
1773040991.8208754,23,0.22681617736816406,-0.7215228080749512,-0.07848336547613144,-0.6494609713554382,-389.84112548828125,17.96027374267578,-1457.2646484375,0.16259217262268066,712.1208,85.661255,572.60675,121.82715,-66.48999,48.62283
1773040991.8326864,23,0.2266026735305786,-0.7217350006103516,-0.07866235822439194,-0.6492781639099121,-389.8321228027344,17.960081100463867,-1457.2181396484375,0.17162317037582397,712.12085,85.661415,572.6069,121.827156,-66.49,48.62284
1773040991.8507347,23,0.2266034632921219,-0.7218254208564758,-0.07865260541439056,-0.6491785049438477,-389.83428955078125,17.96039581298828,-1457.2181396484375,0.17593635618686676,712.1208,85.6614,572.607,121.82709,-66.49,48.6229
1773041008.6652179,24,0.6068209409713745,-0.39434292912483215,-0.47269207239151,-0.5028162598609924,-376.9610595703125,-146.3358612060547,-1529.68408203125,0.12335392832756042,651.4605,-52.242767,605.297,82.25255,-146.01439,79.65973
1773041008.6774223,24,0.6066734790802002,-0.3943620026111603,-0.4728381931781769,-0.5028418898582458,-376.9543151855469,-146.339111328125,-1529.66015625,0.11856498569250107,651.46045,-52.24288,605.2971,82.25254,-146.01445,79.659706
1773041008.6876292,24,0.6066169142723083,-0.39421743154525757,-0.47289612889289856,-0.5029690861701965,-376.95245361328125,-146.3411102294922,-1529.667724609375,0.12244465202093124,651.4606,-52.242893,605.2974,82.25257,-146.01448,79.659676
1773041008.7008133,24,0.6066543459892273,-0.39427533745765686,-0.47286897897720337,-0.502903938293457,-376.9581298828125,-146.34661865234375,-1529.6820068359375,0.12225988507270813,651.4606,-52.242897,605.29724,82.25256,-146.01453,79.659676
1773041008.7133067,24,0.6066721677780151,-0.39411288499832153,-0.4727884531021118,-0.5030854940414429,-376.9560546875,-146.33908081054688,-1529.6868896484375,0.11817332357168198,651.4606,-52.242886,605.2975,82.25257,-146.01456,79.65966
1773041008.7235456,24,0.6066259145736694,-0.39410626888275146,-0.47288352251052856,-0.5030571222305298,-376.95526123046875,-146.33694458007812,-1529.6998291015625,0.1208992451429367,651.46063,-52.243027,605.2974,82.25257,-146.01459,79.65964
1773041008.7353127,24,0.6065531373023987,-0.39432621002197266,-0.47304922342300415,-0.5028166770935059,-376.95697021484375,-146.33836364746094,-1529.6851806640625,0.11694107204675674,651.46063,-52.24303,605.2975,82.25256,-146.01462,79.65963
1773041008.7482097,24,0.606586217880249,-0.3944299817085266,-0.47299614548683167,-0.5027452707290649,-376.95849609375,-146.33602905273438,-1529.65625,0.12195825576782227,651.4607,-52.242897,605.29767,82.25259,-146.01468,79.659615
1773041008.7604852,24,0.6065324544906616,-0.3942992091178894,-0.4730086326599121,-0.5029009580612183,-376.9556579589844,-146.33425903320312,-1529.6666259765625,0.12607133388519287,651.46075,-52.242897,605.2977,82.252594,-146.01472,79.6596
1773041008.773257,24,0.6069934368133545,-0.3944864571094513,-0.4724232852458954,-0.5027480721473694,-376.9636535644531,-146.3254852294922,-1529.7091064453125,0.1237148717045784,651.46075,-52.243034,605.298,82.25261,-146.01476,79.65957
1773041020.765746,25,0.690001904964447,-0.19657401740550995,-0.6259741187095642,-0.3056344985961914,-195.1148223876953,-162.9066619873047,-1510.44921875,0.1356908529996872,655.07275,-82.203285,446.14655,84.5835,176.24895,78.20956
1773041020.7808244,25,0.6899503469467163,-0.1965569406747818,-0.6260440945625305,-0.30561840534210205,-195.11253356933594,-162.91244506835938,-1510.44677734375,0.14481337368488312,655.07275,-82.20343,446.14682,84.58354,176.24893,78.20955
1773041020.7936902,25,0.6900011897087097,-0.1964028775691986,-0.6259573698043823,-0.3057803511619568,-195.1147918701172,-162.91424560546875,-1510.4599609375,0.13351048529148102,655.07275,-82.203384,446.14676,84.583565,176.24895,78.209564
1773041020.8119795,25,0.6899716854095459,-0.19665704667568207,-0.6260299682617188,-0.30553483963012695,-195.10870361328125,-162.92166137695312,-1510.430908203125,0.1404845416545868,655.07275,-82.20339,446.1469,84.5836,176.24895,78.20957
1773041020.826054,25,0.6899230480194092,-0.1965428590774536,-0.6260547637939453,-0.30566737055778503,-195.1109619140625,-162.9261016845703,-1510.4527587890625,0.1419258862733841,655.07275,-82.20337,446.14706,84.58364,176.24895,78.20959
1773041020.8424718,25,0.6900434494018555,-0.19669823348522186,-0.6259350776672363,-0.3055408298969269,-195.10263061523438,-162.92295837402344,-1510.4451904296875,0.14063948392868042,655.07275,-82.20349,446.14713,84.58367,176.24895,78.20958
1773041020.8623013,25,0.6899964809417725,-0.19651654362678528,-0.6259773373603821,-0.30567702651023865,-195.1112060546875,-162.925537109375,-1510.45556640625,0.13770680129528046,655.0728,-82.20336,446.14737,84.58371,176.24895,78.209595
1773041020.876382,25,0.6898393034934998,-0.19647830724716187,-0.6261646151542664,-0.30567291378974915,-195.10125732421875,-162.92489624023438,-1510.4237060546875,0.14122773706912994,655.07275,-82.203354,446.14734,84.58371,176.24895,78.209595
1773041020.8926299,25,0.6899335980415344,-0.19654421508312225,-0.6260693669319153,-0.30561280250549316,-195.09652709960938,-162.92630004882812,-1510.402099609375,0.13776391744613647,655.07275,-82.203476,446.14734,84.583725,176.24893,78.20959
1773041020.9088838,25,0.6898547410964966,-0.19634555280208588,-0.6261067390441895,-0.30584174394607544,-195.1016082763672,-162.9329376220703,-1510.420654296875,0.1364421546459198,655.07275,-82.20347,446.14737,84.58374,176.24895,78.209595
